pool_id,chain,project,symbol,date,tvl_usd,history_days,rolling_60d_apy_base_pct,realized_60d_apy_base_pct,realized_7d_apy_base_pct,daily_volatility_pct,volatility_category,corr_apybase_ln_tvl,p10_60d_apy_base_pct,defillama_pool_url,score_realized,score_stability,score_floor,score_corr,score_age,age_category,vault_quality_score
ecf788e3-d2ef-4fdd-9ece-8a2d96226ddf,Stellar,blend-pools-v2,USDC,2025-12-03,3654283,159,14.181019166666664,15.232571397886986,15.258042353476052,2.4447746620320125,Medium,0.4676457834777885,12.337462,https://defillama.com/yields/pool/ecf788e3-d2ef-4fdd-9ece-8a2d96226ddf,32.46514279577397,15,20.0,15,3,Moderately New,85.46514279577397
13eee342-78fd-4589-916c-54a051d7e188,Arbitrum,balancer-v3,YUSD-AAVEUSDC,2025-12-03,12622,126,11.208419999999998,11.858740623111675,9.44555029982208,1.1861330644344612,Low,0.7138288942690229,9.006263,https://defillama.com/yields/pool/13eee342-78fd-4589-916c-54a051d7e188,23.71748124622335,25,18.012526,15,3,Moderately New,84.73000724622335
6c4bf68a-2e39-4613-926b-8d63862d9f8f,Sonic,spectra-v2,SDUSD,2025-12-03,10408,110,13.710689833333332,14.692033539192217,16.010341332682177,2.1283130359917557,Medium,0.3764462596653093,11.565584,https://defillama.com/yields/pool/6c4bf68a-2e39-4613-926b-8d63862d9f8f,31.384067078384433,15,20.0,15,3,Moderately New,84.38406707838443
ad5c8a0d-e916-40fb-9ea6-5faf9b664fd1,Polygon,steer-protocol,USDC-AGEUR,2025-12-03,20676,797,20.37,22.58606643796781,22.58606643796777,28.007132064122374,High,-0.3220152124462107,20.37,https://defillama.com/yields/pool/ad5c8a0d-e916-40fb-9ea6-5faf9b664fd1,40.0,5,20.0,5,10,Long-Term,80.0
64272d25-288b-484c-8041-8e19478277bb,Avalanche,stable-jack-v1,AUSD,2025-12-03,587557,521,20.043629,22.18653032996132,24.12935962780516,4.400068293266753,High,-0.4746796018425658,14.616738,https://defillama.com/yields/pool/64272d25-288b-484c-8041-8e19478277bb,40.0,5,20.0,5,10,Long-Term,80.0
39d3821c-33d4-4db6-8c98-114f373cf0d1,Avalanche,joe-v2.1,AUSD-USDT,2025-12-03,1399278,478,17.4047835,19.005627679033378,24.05699559765022,22.06845872457548,High,-0.3303407789936591,11.476363,https://defillama.com/yields/pool/39d3821c-33d4-4db6-8c98-114f373cf0d1,40.0,5,20.0,5,10,Long-Term,80.0
ae3397ed-1f0f-4aa4-ab62-44413ea8cd9e,Base,avantis,USDC,2025-12-03,106777579,639,21.91955883333333,24.49867897878313,16.064891400867886,46.12074991121419,High,-0.3610239004129808,15.729389,https://defillama.com/yields/pool/ae3397ed-1f0f-4aa4-ab62-44413ea8cd9e,40.0,5,20.0,5,10,Long-Term,80.0
4c298493-67f3-420a-ab46-a47f9db3c4da,Base,yieldfi,VYUSD,2025-12-03,99676,133,11.598666666666666,12.295972852782675,14.290738915906044,1.6993332411763529,Medium,0.3611048217840705,10.033,https://defillama.com/yields/pool/4c298493-67f3-420a-ab46-a47f9db3c4da,26.59194570556535,15,20.0,15,3,Moderately New,79.59194570556535
f7a832fc-1a93-4f75-9952-64e1a392d3b8,Sonic,yieldfi,VYUSD,2025-12-03,33152,133,11.598666666666666,12.295972852782675,14.290738915906044,1.6991671894046247,Medium,0.5628151099224187,10.033,https://defillama.com/yields/pool/f7a832fc-1a93-4f75-9952-64e1a392d3b8,26.59194570556535,15,20.0,15,3,Moderately New,79.59194570556535
5daf1da8-2d50-4ade-995e-e05760e9772a,Arbitrum,pendle,GUSDC,2025-12-03,2937034,161,9.856847833333337,10.357510170509745,9.829200855053566,1.2447905894828233,Low,0.1311377868282172,8.881495,https://defillama.com/yields/pool/5daf1da8-2d50-4ade-995e-e05760e9772a,20.71502034101949,25,17.76299,12,3,Moderately New,78.47801034101948
71e0a005-653b-41c9-b642-60ca06f83ff8,Base,kiloex,USDC,2025-12-03,1044484,394,17.562666666666665,19.19231009425124,35.241159423102665,14.270771069733922,High,0.0539445002816451,5.455,https://defillama.com/yields/pool/71e0a005-653b-41c9-b642-60ca06f83ff8,40.0,5,10.91,12,10,Long-Term,77.91
63c4bb3d-1402-436e-b921-65ac38abad87,Arbitrum,yieldfi,VYUSD,2025-12-03,329557,133,11.600333333333332,12.297843744833624,14.290738915906044,1.7000526783755754,Medium,-0.0316966757141699,10.033,https://defillama.com/yields/pool/63c4bb3d-1402-436e-b921-65ac38abad87,26.59568748966725,15,20.0,12,3,Moderately New,76.59568748966726
41ef5890-d6f4-4c54-9c39-4505a7bac672,Arbitrum,deltaprime,USDC,2025-12-03,1292177,748,14.104474166666668,15.144212789354384,10.454612313975066,8.206408425737363,High,-0.0970663734483032,9.523455,https://defillama.com/yields/pool/41ef5890-d6f4-4c54-9c39-4505a7bac672,30.288425578708768,5,19.04691,12,10,Long-Term,76.33533557870877
8c2b9daa-063d-4c36-a41a-13ef82d99c47,Base,maxapy,USDC,2025-12-03,400642,224,23.10285633333333,25.980171219447044,27.855482400831868,8.765345980710116,High,-0.3793864785912756,17.867939,https://defillama.com/yields/pool/8c2b9daa-063d-4c36-a41a-13ef82d99c47,40.0,5,20.0,5,6,Seasoned,76.0
2b0b6357-20d7-4039-a2e1-f49f930c979d,Avalanche,joe-v2.1,AUSD-USDC,2025-12-03,1705596,477,16.271674333333333,17.665222489019694,21.58505306936309,6.593519732381814,High,-0.3027859455278897,8.937424,https://defillama.com/yields/pool/2b0b6357-20d7-4039-a2e1-f49f930c979d,37.33044497803939,5,17.874848,5,10,Long-Term,75.20529297803938
7f980c43-5b87-4690-a11a-b0e8a5e37a63,Solana,unitas,SUSDU,2025-12-03,22247983,153,14.820091333333332,15.971028737108073,15.276637337991785,3.122676352366082,Medium,-0.3024780669556464,12.702955,https://defillama.com/yields/pool/7f980c43-5b87-4690-a11a-b0e8a5e37a63,31.942057474216146,15,20.0,5,3,Moderately New,74.94205747421614
847c874f-d4e7-47ed-8870-97d2f24a8767,Base,aerodrome-slipstream,EURC-USDC,2025-12-03,2593078,147,25.714497166666668,29.30627253285254,19.86890482552752,18.209699672339596,High,0.075378306986443,6.991442,https://defillama.com/yields/pool/847c874f-d4e7-47ed-8870-97d2f24a8767,40.0,5,13.982884,12,3,Moderately New,73.982884
ab72800a-d49c-49bd-827b-3b50396d76d8,Arbitrum,uniswap-v3,USD+-USDT,2025-12-03,79948,477,21.82130283333333,24.3693252000607,19.78943033642766,18.903374140514718,High,0.0698937085747666,3.0193890000000003,https://defillama.com/yields/pool/ab72800a-d49c-49bd-827b-3b50396d76d8,40.0,5,6.038778000000001,12,10,Long-Term,73.03877800000001
20f9903f-c3c1-4172-aafe-fd61d60e49cc,Sonic,mainstreet,MSUSD,2025-12-03,1894786,163,21.00422083333333,23.36556002449217,23.32878591873764,5.094050037510614,High,-0.3718200366373604,20.97439,https://defillama.com/yields/pool/20f9903f-c3c1-4172-aafe-fd61d60e49cc,40.0,5,20.0,5,3,Moderately New,73.0
062ba2ef-c132-4989-8e67-0ea2ebd37888,Base,harvest-finance,USDC,2025-12-03,3418994,201,12.294666666666666,13.080014336388146,11.091589962669456,2.0574783157789285,Medium,-0.4424692435141907,9.934,https://defillama.com/yields/pool/062ba2ef-c132-4989-8e67-0ea2ebd37888,26.160028672776292,15,19.868,5,6,Seasoned,72.02802867277629
f818c68b-c893-4e10-9c8e-f78a6afce58a,BSC,dforce,USDT,2025-12-03,95627,1247,15.91236,17.24422011251381,17.24422011251445,8.369686860959968,High,-0.617977570080303,15.91236,https://defillama.com/yields/pool/f818c68b-c893-4e10-9c8e-f78a6afce58a,36.48844022502762,5,20.0,0,10,Long-Term,71.48844022502762
414c2509-6ee2-45ad-8f85-b150986c741a,Op_bnb,kiloex,USDT,2025-12-03,837741,575,19.80333333333333,21.89178102522731,24.97883793434264,29.932177622445945,High,0.3114971050871421,0.67,https://defillama.com/yields/pool/414c2509-6ee2-45ad-8f85-b150986c741a,40.0,5,1.34,15,10,Long-Term,71.34
fcac5295-d56b-4707-9355-5e15c55c471d,Solana,francium,USDT,2025-12-03,235736,1195,16.49434,17.928242876333833,17.928242876333698,6.139831255921658,High,-0.5534683765116363,16.49434,https://defillama.com/yields/pool/fcac5295-d56b-4707-9355-5e15c55c471d,35.856485752667666,5,20.0,0,10,Long-Term,70.85648575266767
cd2d83dc-b1ae-4461-b11c-cd97bbefa951,Optimism,extra-finance-leverage-farming,USDC-SUSD,2025-12-03,38296,628,10.65372,11.2401663817427,9.56221270980171,13.06164564275939,High,0.4026199008468574,9.030134,https://defillama.com/yields/pool/cd2d83dc-b1ae-4461-b11c-cd97bbefa951,22.4803327634854,5,18.060268,15,10,Long-Term,70.5406007634854
48c597dc-9367-4b4a-aa10-49b9755c4c2e,Stellar,blend-pools-v2,USDC,2025-12-03,1000621,159,14.869066166666668,16.02779971051371,15.777700846340936,2.990861080012113,Medium,-0.5307791026875125,11.671678,https://defillama.com/yields/pool/48c597dc-9367-4b4a-aa10-49b9755c4c2e,32.05559942102742,15,20.0,0,3,Moderately New,70.05559942102742
d8733ab8-a147-4e31-a668-2c9dff24ea56,Mantle,clearpool-lending,USDT,2025-12-03,28640,650,12.0980325,12.857738157689646,10.27501323713329,2.8742083492224824,Medium,-0.7827327908915154,9.64303,https://defillama.com/yields/pool/d8733ab8-a147-4e31-a668-2c9dff24ea56,25.71547631537929,15,19.28606,0,10,Long-Term,70.0015363153793
6b729e9b-37a1-4afb-ae96-587cb481f367,Base,extra-finance-leverage-farming,MSUSD-USDC,2025-12-03,758669,146,10.4863915,11.054160450337935,7.921116430140307,3.679964148352176,Medium,0.5439983136343067,7.158343,https://defillama.com/yields/pool/6b729e9b-37a1-4afb-ae96-587cb481f367,22.10832090067587,15,14.316686,15,3,Moderately New,69.42500690067587
fd10de23-9f3c-4e07-9796-2a6676157f4a,Sui,cetus-clmm,USDC-WUSDC,2025-12-03,30420,420,13.978635166666669,14.997153855284909,13.431218604032026,13.985806164192669,High,0.2064160973558041,4.6349670000000005,https://defillama.com/yields/pool/fd10de23-9f3c-4e07-9796-2a6676157f4a,29.994307710569817,5,9.269934000000001,15,10,Long-Term,69.26424171056982
9cc30a12-b6b8-4ead-9862-466f62172fce,BSC,yieldfi,VYUSD,2025-12-03,10221,117,11.436166666666669,12.113696436147949,14.290738915906044,1.529561924767223,Medium,-0.3564527398879515,10.033,https://defillama.com/yields/pool/9cc30a12-b6b8-4ead-9862-466f62172fce,26.227392872295898,15,20.0,5,3,Moderately New,69.2273928722959
28436660-b165-4d03-a9fe-b7ba54af3a56,Op_bnb,kiloex,FDUSD,2025-12-03,71292,486,18.416833333333333,20.214548942117077,23.04367941189962,8.97155581784775,High,-0.0067515996283644,0.62,https://defillama.com/yields/pool/28436660-b165-4d03-a9fe-b7ba54af3a56,40.0,5,1.24,12,10,Long-Term,68.24000000000001
cd537af5-a352-4bcd-bf15-bbb47b77c503,Solana,orca-dex,USDC-SUSDE,2025-12-03,11251,308,25.982874166666665,29.657520649666026,2.853265614280165,50.18319483417438,High,-0.4545557767947151,5.994171,https://defillama.com/yields/pool/cd537af5-a352-4bcd-bf15-bbb47b77c503,40.0,5,11.988342,5,6,Seasoned,67.988342
f03ea9e8-b17a-46f2-8a02-ff8486f939d2,Base,autofinance,USDC,2025-12-03,24132794,197,8.211891666666666,8.557468025117053,7.617141835838082,1.6059789722764657,Medium,0.5131134583996297,7.25985,https://defillama.com/yields/pool/f03ea9e8-b17a-46f2-8a02-ff8486f939d2,17.114936050234107,15,14.5197,15,6,Seasoned,67.6346360502341
cf283d02-fb9d-46f3-b20e-89731dcd48df,Avalanche,joe-v2.1,DAI.E-USDT,2025-12-03,20989,754,26.34290616666667,30.104827180338845,4.846158352118035,40.65485679837472,High,0.0993115793869996,0.229926,https://defillama.com/yields/pool/cf283d02-fb9d-46f3-b20e-89731dcd48df,40.0,5,0.459852,12,10,Long-Term,67.459852
52e2ff37-c4cb-40e5-a443-550dc55c18c0,ICP,icpswap,CKUSDT-CKUSDC,2025-12-03,98056,437,27.487592666666668,31.489969682976948,0.249037178633138,38.48923706600021,High,-0.19678305325212,0.012009,https://defillama.com/yields/pool/52e2ff37-c4cb-40e5-a443-550dc55c18c0,40.0,5,0.024017999999999998,12,10,Long-Term,67.024018
ece59eca-1af1-4037-acfd-d6e83f94dedf,Optimism,extra-finance-leverage-farming,USDC-ALUSD,2025-12-03,80883,146,11.2440175,11.898422070251357,10.34589954455587,2.5930562108914423,Medium,0.0398092244690302,6.53254,https://defillama.com/yields/pool/ece59eca-1af1-4037-acfd-d6e83f94dedf,23.796844140502714,15,13.06508,12,3,Moderately New,66.86192414050271
91e98a60-fd73-4e6c-bde8-77eb67310e97,Cardano,liqwid,USDC,2025-12-03,3794840,812,15.639576166666668,16.92434580186186,6.63923707100853,9.50716583837228,High,-0.3023791216455217,6.389647,https://defillama.com/yields/pool/91e98a60-fd73-4e6c-bde8-77eb67310e97,33.84869160372372,5,12.779294,5,10,Long-Term,66.62798560372372
e072ad15-4705-4a3f-9ed6-4a86fe6eb72f,Base,wasabi,USDC,2025-12-03,10408795,205,12.096410166666669,12.85609195846089,10.992147190005497,4.6055631621794975,High,0.1910076006945218,8.87337,https://defillama.com/yields/pool/e072ad15-4705-4a3f-9ed6-4a86fe6eb72f,25.71218391692178,5,17.74674,12,6,Seasoned,66.45892391692178
44213a47-ba05-4428-866a-f5d08378cbd4,Arbitrum,uniswap-v3,DAI-USDC.E,2025-12-03,57505,1010,17.3358295,18.92121519464796,9.754838157962432,10.165353325898597,High,-0.3731144094981196,4.1549890000000005,https://defillama.com/yields/pool/44213a47-ba05-4428-866a-f5d08378cbd4,37.84243038929592,5,8.309978000000001,5,10,Long-Term,66.15240838929591
94623cbe-f6ac-47da-b157-776073f2ac13,Ton,storm-trade,USDT,2025-12-03,5829678,495,17.552611833333334,19.177079538877283,5.388240352330098,15.238457958721042,High,-0.0815813019756009,0.0,https://defillama.com/yields/pool/94623cbe-f6ac-47da-b157-776073f2ac13,38.35415907775457,5,0.0,12,10,Long-Term,65.35415907775456
3a61420f-6f6e-45f9-accc-8d23f5a32d33,Stellar,blend-pools-v2,EURC,2025-12-03,195405,159,10.313293333333332,10.862247481963738,11.025427869934012,1.9217802989132065,Medium,-0.4506749847212368,9.279298,https://defillama.com/yields/pool/3a61420f-6f6e-45f9-accc-8d23f5a32d33,23.724494963927476,15,18.558596,5,3,Moderately New,65.28309096392748
3b56710e-2e33-4aaf-8930-ab3d93cc95d6,Avalanche,deltaprime,USDC,2025-12-03,2214600,1036,11.783385,12.503349372388906,7.699188605076834,7.78035147159404,High,-0.1057125628239735,6.522028,https://defillama.com/yields/pool/3b56710e-2e33-4aaf-8930-ab3d93cc95d6,25.00669874477781,5,13.044056,12,10,Long-Term,65.0507547447778
d369186d-86ee-4781-a826-676337a06ac9,Polynomial,polynomial-liquidity,SDAI,2025-12-03,17028,421,8.869449833333334,9.273492411144414,9.020429944760844,5.139259004761134,High,0.4145286774113552,7.969093,https://defillama.com/yields/pool/d369186d-86ee-4781-a826-676337a06ac9,18.546984822288827,5,15.938186000000002,15,10,Long-Term,64.48517082228884
d3d8221f-9279-4daa-8612-eea36625986f,Arbitrum,yearn-finance,USDC,2025-12-03,173910,434,13.435306666666667,14.37456072892247,7.022974652285274,8.542080836895027,High,-0.1200419738195852,4.338323,https://defillama.com/yields/pool/d3d8221f-9279-4daa-8612-eea36625986f,28.74912145784494,5,8.676646,12,10,Long-Term,64.42576745784493
56f32a9d-0c7f-4bfa-a599-eadce239765c,Sui,scallop-lend,FDUSD,2025-12-03,25356,345,15.597156166666668,16.867174467372735,39.615443724032914,11.598832402731936,High,-0.2374810399018181,6.266958000000001,https://defillama.com/yields/pool/56f32a9d-0c7f-4bfa-a599-eadce239765c,35.73434893474547,5,12.533916000000001,5,6,Seasoned,64.26826493474547
41fa2437-d7a3-4f0b-a5a3-6cd59a8e65ce,Avalanche,yield-yak-aggregator,AIUSD,2025-12-03,1813101,141,13.937189333333333,14.950084140776854,9.057836974749131,9.048187042268708,High,0.2366370218633269,5.575399,https://defillama.com/yields/pool/41fa2437-d7a3-4f0b-a5a3-6cd59a8e65ce,29.900168281553707,5,11.150798,15,3,Moderately New,64.05096628155371
96923c5e-d3ac-475b-bec0-b2f4dd03d63e,Solana,raydium-amm,PYUSD-USDC,2025-12-03,16004,315,15.399333333333336,16.63880270814577,4.414339509929599,12.045693985360751,High,-0.1943510027731928,3.829,https://defillama.com/yields/pool/96923c5e-d3ac-475b-bec0-b2f4dd03d63e,33.27760541629154,5,7.658,12,6,Seasoned,63.935605416291544
9e6bd721-3862-42fc-9015-4c2916197938,Optimism,exactly,USDC,2025-12-03,65874,1001,10.352282333333331,10.905482580314718,10.999361897015604,4.940763144612162,High,-0.4396606148375355,10.227905,https://defillama.com/yields/pool/9e6bd721-3862-42fc-9015-4c2916197938,23.810965160629436,5,20.0,5,10,Long-Term,63.810965160629436
79f6d47d-ff3a-48ba-af2e-a7ae23dd6e8c,Arbitrum,pendle,GUSDC,2025-12-03,2937034,161,10.244865833333334,10.78623229577882,9.673116597806564,3.240535241915596,Medium,-0.012265836273674,5.867389,https://defillama.com/yields/pool/79f6d47d-ff3a-48ba-af2e-a7ae23dd6e8c,21.57246459155764,15,11.734778000000002,12,3,Moderately New,63.30724259155764
2c58c3ce-d731-449e-b934-b2c446119085,Solana,francium,USDC,2025-12-03,2438556,1195,13.15071,14.05189921916099,14.051899219160546,5.646612920111777,High,-0.8101694645071442,13.15071,https://defillama.com/yields/pool/2c58c3ce-d731-449e-b934-b2c446119085,28.10379843832198,5,20.0,0,10,Long-Term,63.10379843832198
7ce40127-a535-4ce5-8da1-913c5f4db146,Base,peapods-finance,USDC,2025-12-03,161032,185,11.741251666666669,12.455208399140783,29.544399316150404,11.194522259401165,High,-0.185911255837763,6.346604000000001,https://defillama.com/yields/pool/7ce40127-a535-4ce5-8da1-913c5f4db146,26.910416798281567,5,12.693208000000002,12,6,Seasoned,62.60362479828157
2d41f6bd-0f1a-4424-961e-c1513e44b85f,Metis,hercules-v3,M.USDT-M.USDC,2025-12-03,91765,584,11.924410833333331,12.66064481628504,4.793083489654348,20.07718674575545,High,0.1051806555308153,4.86012,https://defillama.com/yields/pool/2d41f6bd-0f1a-4424-961e-c1513e44b85f,25.32128963257008,5,9.72024,12,10,Long-Term,62.041529632570075
c48595c8-49bc-4853-80e4-f18c470bbfc3,Arbitrum,gains-network,USDC,2025-12-03,14654316,555,12.244137,13.022779921501693,10.425176979592932,4.9003430773132415,High,-0.3978578348728471,7.628233,https://defillama.com/yields/pool/c48595c8-49bc-4853-80e4-f18c470bbfc3,26.045559843003385,5,15.256466,5,10,Long-Term,61.302025843003385
b865d4dc-ffd5-4fd6-9479-0d7932d6a9e6,Avalanche,silo-v2,USDC,2025-12-03,11916,146,18.480339333333333,20.27908727134033,25.753051215639577,19.591724296457524,High,-0.3495169367537655,3.689862,https://defillama.com/yields/pool/b865d4dc-ffd5-4fd6-9479-0d7932d6a9e6,40.0,5,7.379724000000001,5,3,Moderately New,60.379724
f42cf641-393d-4671-895a-3c85cf7b1a57,Fraxtal,dtrinity-dusd,SDUSD,2025-12-03,200172,106,10.875708833333332,11.487156068053528,7.674649115319521,3.1904888363688158,Medium,-0.2576016308513755,7.049518,https://defillama.com/yields/pool/f42cf641-393d-4671-895a-3c85cf7b1a57,22.974312136107056,15,14.099036,5,3,Moderately New,60.07334813610706
3da43202-46eb-4855-8bed-e719f2d42568,BSC,sushiswap-v3,USDT-USDC,2025-12-03,11393,142,17.946301166666668,19.642952876027664,4.068596339237396,29.993057858935757,High,0.0175166295957915,0.303835,https://defillama.com/yields/pool/3da43202-46eb-4855-8bed-e719f2d42568,39.28590575205533,5,0.60767,12,3,Moderately New,59.89357575205533
c296c3df-ac86-4197-8ade-6d25dcecde17,Base,aerodrome-slipstream,OUSDT-USDC,2025-12-03,216972,147,13.408508333333334,14.345290989240487,8.995872525604254,8.3739326450605,High,0.0215768379162901,5.528432,https://defillama.com/yields/pool/c296c3df-ac86-4197-8ade-6d25dcecde17,28.690581978480974,5,11.056864,12,3,Moderately New,59.747445978480975
6bece45f-98f0-410f-8df6-915161828fe7,Solana,wasabi,USDC,2025-12-03,1172161,205,10.8480935,11.4562654129839,13.955608708472743,5.681366773317231,High,0.0291561159263122,5.872992000000001,https://defillama.com/yields/pool/6bece45f-98f0-410f-8df6-915161828fe7,24.9125308259678,5,11.745984000000004,12,6,Seasoned,59.6585148259678
7ff7a98b-e813-416d-ac40-08fbbd3a69f2,Polynomial,polynomial-liquidity,SUSDE,2025-12-03,121050,421,8.055534999999999,8.387893358742215,7.447744422093527,6.770421001752679,High,0.5301224823609769,6.118202999999999,https://defillama.com/yields/pool/7ff7a98b-e813-416d-ac40-08fbbd3a69f2,16.77578671748443,5,12.236405999999999,15,10,Long-Term,59.012192717484425
eb9b85c7-6f1d-40f3-90b0-45a2967bef1d,Cardano,liqwid,DAI,2025-12-03,40670,748,11.130473333333333,11.771634514066244,9.834512099800508,7.664039302882232,High,-0.5717571188809053,10.982025,https://defillama.com/yields/pool/eb9b85c7-6f1d-40f3-90b0-45a2967bef1d,23.54326902813249,5,20.0,0,10,Long-Term,58.543269028132485
ce3021c9-af52-46b0-a61a-3e92acdfd79b,Cardano,liqwid,USDM,2025-12-03,1645772,451,11.371370333333331,12.041101315846102,9.45473236370329,8.602403100323261,High,-0.7024821423232119,9.162107,https://defillama.com/yields/pool/ce3021c9-af52-46b0-a61a-3e92acdfd79b,24.082202631692205,5,18.324214,0,10,Long-Term,57.40641663169221
b306e810-a639-4657-938b-5415cf7fafea,Fraxtal,curve-dex,SDUSD-SFRXUSD,2025-12-03,78408,122,9.425333333333333,9.882354097639489,7.227106727205679,2.66280416596559,Medium,-0.227649678406525,6.638,https://defillama.com/yields/pool/b306e810-a639-4657-938b-5415cf7fafea,19.764708195278978,15,13.276,5,3,Moderately New,56.04070819527898
2aaca58d-e93b-4368-8978-7e59a3cc7b55,Arbitrum,yearn-finance,USDC,2025-12-03,206244,525,13.341443333333334,14.268345389125315,5.411729938924004,6.75324919616936,High,-0.2849220095913052,3.577509,https://defillama.com/yields/pool/2aaca58d-e93b-4368-8978-7e59a3cc7b55,28.53669077825063,5,7.155018,5,10,Long-Term,55.69170877825063
93fb2190-0c2e-4265-a47a-99903c1d9bc9,Avalanche,yield-yak-aggregator,AUSD,2025-12-03,32633,287,8.890666666666666,9.296450711647465,5.356672712467514,2.690650108140148,Medium,-0.2512874876516585,5.119000000000001,https://defillama.com/yields/pool/93fb2190-0c2e-4265-a47a-99903c1d9bc9,18.59290142329493,15,10.238,5,6,Seasoned,54.83090142329493
de7f045b-5d16-4b6d-9741-be98c2160a7c,Metis,gamma,M.USDT-M.USDC,2025-12-03,55742,216,17.393283999999998,18.989723817958115,12.6675094822009,10.330581263711222,High,-0.4036677833886732,0.0,https://defillama.com/yields/pool/de7f045b-5d16-4b6d-9741-be98c2160a7c,37.97944763591623,5,0.0,5,6,Seasoned,53.97944763591623
d1e8adeb-1522-490a-afe6-8ee8e1b8d7d3,Polygon,uniswap-v3,EURE-USDC,2025-12-03,56774,1000,11.106364500000002,11.739899995558378,20.9548048669912,34.90746892984901,High,0.0692134674023643,0.619011,https://defillama.com/yields/pool/d1e8adeb-1522-490a-afe6-8ee8e1b8d7d3,25.479799991116757,5,1.238022,12,10,Long-Term,53.71782199111676
0dab7417-856d-4e61-a997-8bef6d93cbf3,Aptos,moar-market,USDC,2025-12-03,354557,183,8.061585333333333,8.394439350992489,8.454236237367429,2.688684535053761,Medium,-0.7887612470477101,6.3850050000000005,https://defillama.com/yields/pool/0dab7417-856d-4e61-a997-8bef6d93cbf3,18.788878701984977,15,12.770010000000001,0,6,Seasoned,52.558888701984976
ad37f69e-0ae5-4b8a-986b-b72824a447cb,Aptos,thalaswap,MOD-USDC,2025-12-01,35395,270,15.740113666666668,17.03831697333149,9.290198085488475,12.446709820526753,High,-0.5164729811665015,3.687533,https://defillama.com/yields/pool/ad37f69e-0ae5-4b8a-986b-b72824a447cb,34.07663394666298,5,7.375066,0,6,Seasoned,52.451699946662984
b5fc13da-f124-41e7-9079-a930fed15e2a,Celo,uniswap-v3,CUSD-USDC,2025-12-01,179157,646,13.036534,13.920742807614973,5.368877935288019,6.182425791533887,High,-0.5078655679617164,4.456974000000001,https://defillama.com/yields/pool/b5fc13da-f124-41e7-9079-a930fed15e2a,27.841485615229942,5,8.913948000000001,0,10,Long-Term,51.75543361522995
838df6ef-2fdc-48ba-b1ba-a5fd508ea283,Sui,navi-lending,WUSDC,2025-12-03,523547,422,10.961739499999998,11.582677119628372,7.070035631694416,5.635748867614266,High,-0.7080932060313282,6.742981,https://defillama.com/yields/pool/838df6ef-2fdc-48ba-b1ba-a5fd508ea283,23.165354239256743,5,13.485962,0,10,Long-Term,51.651316239256744
9b9c274f-b224-4be2-8c9f-749e10d35aab,Avalanche,joe-v2.1,DAI.E-USDC,2025-12-03,28042,905,9.282445999999998,9.724768147107078,4.6746827337120544,10.901379253930276,High,0.0087249383184702,2.4873070000000004,https://defillama.com/yields/pool/9b9c274f-b224-4be2-8c9f-749e10d35aab,19.449536294214155,5,4.974614000000001,12,10,Long-Term,51.42415029421416
439dceea-885e-4a09-a2ab-f99b16b1d9e0,Base,aerodrome-slipstream,USDC-AXLUSDC,2025-12-03,250859,147,10.5798985,11.151227106106942,5.759251155111,14.39809812041542,High,-0.0560734571369792,4.28831,https://defillama.com/yields/pool/439dceea-885e-4a09-a2ab-f99b16b1d9e0,22.302454212213885,5,8.57662,12,3,Moderately New,50.87907421221389
45cb0bd0-a5d1-4c28-bf84-1dcdf4a93321,Sei,takara-lend,USD₮0,2025-12-03,6057965,233,15.686119666666665,16.968260159642412,2.173790608761017,15.114359687679997,High,-0.7549758609061916,2.711257,https://defillama.com/yields/pool/45cb0bd0-a5d1-4c28-bf84-1dcdf4a93321,33.936520319284824,5,5.422514,0,6,Seasoned,50.359034319284824
0fddbf5d-ec14-4570-80d3-a70c85573d3e,Sui,navi-lending,USDC,2025-12-03,15582442,770,11.070059166666663,11.70205085213296,5.93852210471959,4.968372454539739,High,-0.6669043130531076,5.569481,https://defillama.com/yields/pool/0fddbf5d-ec14-4570-80d3-a70c85573d3e,23.40410170426592,5,11.138962,0,10,Long-Term,49.54306370426592
9aa03f4b-f037-40da-b91c-6708199a45ba,Sonic,silo-v2,USDC,2025-12-03,111434,302,12.106191666666666,12.8663302599197,9.746047931658408,4.634493251355911,High,-0.7286477176198501,5.549861,https://defillama.com/yields/pool/9aa03f4b-f037-40da-b91c-6708199a45ba,25.7326605198394,5,11.099722,0,6,Seasoned,47.8323825198394
f186d87c-ea0e-42b9-b234-92f231ac909f,Polygon,uniswap-v3,USDC-EURS,2025-12-03,136298,1142,9.134747666666666,9.561724347275293,8.039924590181657,30.345090299649502,High,-0.0562209410069671,0.7820180000000001,https://defillama.com/yields/pool/f186d87c-ea0e-42b9-b234-92f231ac909f,19.123448694550586,5,1.5640360000000002,12,10,Long-Term,47.68748469455059
0a08e4b1-d7ec-44ac-a92f-90d56dd33c98,Avalanche,uniswap-v3,USDC-FRAX,2025-12-03,19075,540,10.834433833333332,11.440433540221465,3.7750289585135377,47.579054014733806,High,-0.2494056522518477,1.99973,https://defillama.com/yields/pool/0a08e4b1-d7ec-44ac-a92f-90d56dd33c98,22.88086708044293,5,3.99946,5,10,Long-Term,46.880327080442925
89902bff-62f7-41f9-869a-4f1194ef41ab,Optimism,extra-finance-leverage-farming,USDC-MSUSD,2025-12-03,346531,146,10.880487166666663,11.49223259336154,0.329057299043356,4.50963061812868,High,0.4465331437172851,0.342644,https://defillama.com/yields/pool/89902bff-62f7-41f9-869a-4f1194ef41ab,22.984465186723078,5,0.685288,15,3,Moderately New,46.66975318672308
ff4bb326-ca36-4e76-89d6-d73348fe67de,Base,pancakeswap-amm-v3,USR-USDC,2025-12-03,20382,333,12.1750965,12.942699143101022,10.423340401193858,21.935788707464116,High,-0.2754794378978825,1.585241,https://defillama.com/yields/pool/ff4bb326-ca36-4e76-89d6-d73348fe67de,25.885398286202044,5,3.170482,5,6,Seasoned,45.05588028620204
412541d0-ddd3-497f-aba5-4f98b849aa0a,Avalanche,folks-finance-xchain,AUSD,2025-12-03,2299,212,9.7172,10.202468270297738,7.610605232555501,5.770076634601171,High,-0.6103937553097458,5.1519,https://defillama.com/yields/pool/412541d0-ddd3-497f-aba5-4f98b849aa0a,20.404936540595475,5,10.3038,0,6,Seasoned,41.708736540595474
099e1398-4924-41bc-9ec5-c164dc236cea,Sei,takara-lend,USDC,2025-12-03,2701125,132,11.985526333333333,12.724322704525637,3.489403522639756,14.86938120917481,High,-0.8790797346509698,3.918819,https://defillama.com/yields/pool/099e1398-4924-41bc-9ec5-c164dc236cea,25.448645409051274,5,7.837638,0,3,Moderately New,41.28628340905127
d052d4aa-7269-45b6-9ddf-861db77d9a0a,Avalanche,uniswap-v3,USDC-DAI.E,2025-12-03,50798,787,8.223668499999999,8.566660513472147,10.32303494398954,37.16498287900146,High,-0.4013069065490681,0.033622,https://defillama.com/yields/pool/d052d4aa-7269-45b6-9ddf-861db77d9a0a,19.133321026944294,5,0.067244,5,10,Long-Term,39.20056502694429
f2ba3890-1b45-4332-89ef-fd5c5a719025,Sonic,spectra-v2,SDUSD,2025-11-29,10417,106,8.9863065,9.39974026299206,0.1410132526619811,7.869198776359106,High,-0.1428486142487599,0.181616,https://defillama.com/yields/pool/f2ba3890-1b45-4332-89ef-fd5c5a719025,18.79948052598412,5,0.363232,12,3,Moderately New,39.16271252598412
aae6cc3a-783b-4a76-bea7-c3edccd28d62,Base,aerodrome-slipstream,MSUSD-USDC,2025-12-03,8399287,147,8.587361833333334,8.964448568452553,8.10070217586032,10.044181548572872,High,-0.0015963806121271,0.584764,https://defillama.com/yields/pool/aae6cc3a-783b-4a76-bea7-c3edccd28d62,17.928897136905107,5,1.169528,12,3,Moderately New,39.09842513690511
664664bb-31e0-4e65-808d-6dc82bdb05bb,Sonic,dtrinity-dusd,SDUSD,2025-12-03,47012,108,8.430130499999999,8.791663533252358,0.0,10.965931117786512,High,-0.0209754942773089,0.0,https://defillama.com/yields/pool/664664bb-31e0-4e65-808d-6dc82bdb05bb,17.583327066504715,5,0.0,12,3,Moderately New,37.583327066504715
a17e6e66-a70a-43d6-9281-04fad6e21ff1,Avalanche,balancer-v3,AAVEGHO-USDT-USDC,2025-12-03,272154,126,8.865363666666667,9.264925223079956,4.824241481956282,11.861762828892733,High,-0.2296908552925176,2.759011,https://defillama.com/yields/pool/a17e6e66-a70a-43d6-9281-04fad6e21ff1,18.529850446159912,5,5.518022,5,3,Moderately New,37.047872446159914
f3298854-6ded-444b-8e8f-3e5dc68e0744,Avalanche,silo-v2,USDT,2025-12-03,2773,112,9.715337833333331,10.200508187723267,4.292141315164755,7.304832812281744,High,-0.5295638482958573,2.7003930000000005,https://defillama.com/yields/pool/f3298854-6ded-444b-8e8f-3e5dc68e0744,20.401016375446535,5,5.400786000000001,0,3,Moderately New,33.801802375446535
9fe000c1-f3c3-4923-ae16-a2066099d260,Base,extra-finance-xlend,USR,2025-12-03,77766,147,10.301228833333331,10.83915591318332,2.416402019255792,19.05154732828863,High,-0.6453672872791367,1.783358,https://defillama.com/yields/pool/9fe000c1-f3c3-4923-ae16-a2066099d260,21.67831182636664,5,3.5667159999999996,0,3,Moderately New,33.24502782636664
c05a83a7-6416-49d2-a0b6-c1258873ac9d,Base,morpho-v1,STEAKUSDA,2025-12-02,5262,453,8.183529666666667,8.523869425808005,0.0078245908363028,5.71293529859082,High,-0.5411608583408826,0.013302,https://defillama.com/yields/pool/c05a83a7-6416-49d2-a0b6-c1258873ac9d,17.04773885161601,5,0.026604,0,10,Long-Term,32.07434285161601
