pool_id,chain,project,symbol,date,tvl_usd,history_days,rolling_60d_apy_base_pct,realized_60d_apy_base_pct,realized_7d_apy_base_pct,daily_volatility_pct,volatility_category,corr_apybase_ln_tvl,p10_60d_apy_base_pct
ae3397ed-1f0f-4aa4-ab62-44413ea8cd9e,Base,avantis,USDC,2025-12-03,106777579,639,21.91955883333333,24.49867897878313,16.064891400867886,46.12074991121419,High,-0.3610239004129808,15.729389000000001
ff05ab26-971e-4e68-b1c6-c61a4c12c364,Polkadot,bifrost-liquid-staking,VDOT,2025-12-03,47227066,1014,10.880166666666666,11.492309568433633,11.651466880375327,3.94210123148479,Medium,-0.7294709321544343,10.28
f03ea9e8-b17a-46f2-8a02-ff8486f939d2,Base,autofinance,USDC,2025-12-03,24132794,197,8.211891666666666,8.557468025117053,7.617141835838082,1.6059789722764657,Medium,0.5131134583996297,7.25985
7f980c43-5b87-4690-a11a-b0e8a5e37a63,Solana,unitas,SUSDU,2025-12-03,22247983,153,14.820091333333332,15.971028737108073,15.276637337991783,3.122676352366082,Medium,-0.3024780669556464,12.702955
0fddbf5d-ec14-4570-80d3-a70c85573d3e,Sui,navi-lending,USDC,2025-12-03,15582442,770,11.070059166666665,11.702050852132961,5.93852210471959,4.968372454539739,High,-0.6669043130531076,5.569481
c48595c8-49bc-4853-80e4-f18c470bbfc3,Arbitrum,gains-network,USDC,2025-12-03,14654316,555,12.244137,13.022779921501693,10.425176979592932,4.9003430773132415,High,-0.39785783487284715,7.628233
e072ad15-4705-4a3f-9ed6-4a86fe6eb72f,Base,wasabi,USDC,2025-12-03,10408795,205,12.096410166666667,12.85609195846089,10.992147190005497,4.6055631621794975,High,0.1910076006945218,8.87337
aae6cc3a-783b-4a76-bea7-c3edccd28d62,Base,aerodrome-slipstream,MSUSD-USDC,2025-12-03,8399287,147,8.587361833333334,8.964448568452553,8.10070217586032,10.044181548572872,High,-0.0015963806121271345,0.584764
45cb0bd0-a5d1-4c28-bf84-1dcdf4a93321,Sei,takara-lend,USD₮0,2025-12-03,6057965,233,15.686119666666665,16.968260159642412,2.173790608761017,15.114359687679997,High,-0.7549758609061916,2.711257
94623cbe-f6ac-47da-b157-776073f2ac13,Ton,storm-trade,USDT,2025-12-03,5829678,495,17.552611833333334,19.177079538877283,5.388240352330098,15.238457958721042,High,-0.08158130197560091,0.0
91e98a60-fd73-4e6c-bde8-77eb67310e97,Cardano,liqwid,USDC,2025-12-03,3794840,812,15.639576166666668,16.92434580186186,6.63923707100853,9.507165838372279,High,-0.3023791216455217,6.389647
ecf788e3-d2ef-4fdd-9ece-8a2d96226ddf,Stellar,blend-pools-v2,USDC,2025-12-03,3654283,159,14.181019166666665,15.232571397886986,15.258042353476053,2.4447746620320125,Medium,0.46764578347778857,12.337462
062ba2ef-c132-4989-8e67-0ea2ebd37888,Base,harvest-finance,USDC,2025-12-03,3418994,201,12.294666666666666,13.080014336388146,11.091589962669456,2.0574783157789285,Medium,-0.44246924351419076,9.934000000000001
7039a10f-ef49-410d-b003-83c531932c05,Sui,navi-lending,DEEP,2025-12-03,3221047,359,14.168296833333333,15.2178939627577,10.369052704760584,5.602241868725477,High,-0.06897992281446093,10.263719
5daf1da8-2d50-4ade-995e-e05760e9772a,Arbitrum,pendle,GUSDC,2025-12-03,2937034,161,9.856847833333335,10.357510170509743,9.829200855053566,1.2447905894828233,Low,0.13113778682821728,8.881495
79f6d47d-ff3a-48ba-af2e-a7ae23dd6e8c,Arbitrum,pendle,GUSDC,2025-12-03,2937034,161,10.244865833333334,10.78623229577882,9.673116597806564,3.240535241915596,Medium,-0.012265836273674077,5.867389
099e1398-4924-41bc-9ec5-c164dc236cea,Sei,takara-lend,USDC,2025-12-03,2701125,132,11.985526333333333,12.724322704525637,3.4894035226397557,14.86938120917481,High,-0.8790797346509698,3.918819
847c874f-d4e7-47ed-8870-97d2f24a8767,Base,aerodrome-slipstream,EURC-USDC,2025-12-03,2593078,147,25.714497166666668,29.30627253285254,19.868904825527522,18.209699672339593,High,0.07537830698644302,6.991442
2c58c3ce-d731-449e-b934-b2c446119085,Solana,francium,USDC,2025-12-03,2438556,1195,13.15071,14.05189921916099,14.051899219160546,5.646612920111777,High,-0.8101694645071442,13.15071
3b56710e-2e33-4aaf-8930-ab3d93cc95d6,Avalanche,deltaprime,USDC,2025-12-03,2214600,1036,11.783385,12.503349372388906,7.699188605076834,7.78035147159404,High,-0.10571256282397351,6.522028
f40020a4-d465-489b-b6ab-d2a0d6cda763,Cardano,minswap,ADA-USDA,2025-12-03,1945714,264,10.672166666666667,11.259354006333645,28.527254691625735,5.571295973924312,High,-0.39685374175643573,3.1560000000000006
20f9903f-c3c1-4172-aafe-fd61d60e49cc,Sonic,mainstreet,MSUSD,2025-12-03,1894786,163,21.00422083333333,23.365560024492172,23.328785918737637,5.094050037510614,High,-0.3718200366373604,20.97439
d66c9dc4-6ce4-41ba-b446-edb89e19cce6,Cardano,minswap,ADA-USDM,2025-12-03,1822412,512,9.642166666666666,10.120891419387146,11.390264077567469,15.079495750111889,High,-0.6851523179883251,7.269000000000001
41fa2437-d7a3-4f0b-a5a3-6cd59a8e65ce,Avalanche,yield-yak-aggregator,AIUSD,2025-12-03,1813101,141,13.937189333333333,14.950084140776854,9.057836974749133,9.048187042268708,High,0.23663702186332697,5.575399
4a0746b8-61f7-40b2-9378-80e902aec4f9,Cardano,liqwid,DJED,2025-12-03,1795243,812,14.335602666666666,15.410759680486152,14.346260668395594,8.356826359081856,High,-0.6544853804005248,12.305693000000002
2b0b6357-20d7-4039-a2e1-f49f930c979d,Avalanche,joe-v2.1,AUSD-USDC,2025-12-03,1705596,477,16.271674333333333,17.665222489019694,21.58505306936309,6.593519732381814,High,-0.30278594552788973,8.937424
ce3021c9-af52-46b0-a61a-3e92acdfd79b,Cardano,liqwid,USDM,2025-12-03,1645772,451,11.371370333333333,12.041101315846102,9.45473236370329,8.602403100323261,High,-0.7024821423232119,9.162107
5ea5ce3f-926a-49c6-961f-e534e2caabd8,MultiversX,xexchange,WEGLD-USDC,2025-12-03,1518285,1194,10.223400666666667,10.761020865176674,5.688350744336468,8.769559229856007,High,-0.007650214826382617,3.963351
39d3821c-33d4-4db6-8c98-114f373cf0d1,Avalanche,joe-v2.1,AUSD-USDT,2025-12-03,1399278,478,17.4047835,19.005627679033378,24.05699559765022,22.068458724575482,High,-0.33034077899365916,11.476363000000001
41ef5890-d6f4-4c54-9c39-4505a7bac672,Arbitrum,deltaprime,USDC,2025-12-03,1292177,748,14.104474166666668,15.144212789354384,10.454612313975066,8.206408425737363,High,-0.09706637344830328,9.523455
6bece45f-98f0-410f-8df6-915161828fe7,Solana,wasabi,USDC,2025-12-03,1172161,205,10.848093500000001,11.456265412983901,13.955608708472745,5.681366773317231,High,0.029156115926312277,5.872992000000001
71e0a005-653b-41c9-b642-60ca06f83ff8,Base,kiloex,USDC,2025-12-03,1044484,394,17.562666666666665,19.19231009425124,35.241159423102665,14.270771069733922,High,0.05394450028164516,5.455
48c597dc-9367-4b4a-aa10-49b9755c4c2e,Stellar,blend-pools-v2,USDC,2025-12-03,1000621,159,14.869066166666668,16.02779971051371,15.777700846340936,2.990861080012113,Medium,-0.5307791026875125,11.671678
187a4585-19b3-4b85-b7ed-147bf4e04cc1,Sui,cetus-clmm,USDC-HAEDAL,2025-12-03,926110,219,20.577718,22.83644654279222,6.411827983524088,119.86568450071098,High,-0.375832122844733,6.636163
935f6496-6d11-42fd-9151-72b8603f412a,Solana,raydium-amm,DOOD-USDC,2025-12-03,872902,209,58.71266666666667,79.49857474392384,23.984823901391362,96.87869362666565,High,0.33621465989034777,13.958
414c2509-6ee2-45ad-8f85-b150986c741a,Op_bnb,kiloex,USDT,2025-12-03,837741,575,19.803333333333335,21.89178102522731,24.978837934342636,29.932177622445945,High,0.3114971050871421,0.67
6b729e9b-37a1-4afb-ae96-587cb481f367,Base,extra-finance-leverage-farming,MSUSD-USDC,2025-12-03,758669,146,10.4863915,11.054160450337935,7.921116430140307,3.679964148352176,Medium,0.5439983136343067,7.158343
af811c95-f061-4695-a4d4-2fecdea7b043,Cardano,minswap,ADA-IUSD,2025-12-03,742494,512,11.125,11.765313880052219,16.601992909370168,5.514351499601667,High,-0.6580972123747821,4.662000000000001
64272d25-288b-484c-8041-8e19478277bb,Avalanche,stable-jack-v1,AUSD,2025-12-03,587557,521,20.043629,22.186530329961318,24.129359627805158,4.400068293266753,High,-0.47467960184256586,14.616738
20aa3b87-23d4-4b89-b48a-2db831806f98,Cardano,minswap,ADA-DJED,2025-12-03,578732,512,15.295333333333334,16.5229548822037,23.971250555878942,11.185032954982587,High,0.44055571675389715,9.769
838df6ef-2fdc-48ba-b1ba-a5fd508ea283,Sui,navi-lending,WUSDC,2025-12-03,523547,422,10.961739499999998,11.582677119628372,7.070035631694416,5.635748867614266,High,-0.7080932060313282,6.742981
a02cd4c1-d31d-4a3b-811a-7f2f13d5e365,Solana,raydium-amm,GEOD-USDC,2025-12-03,430171,303,14.303666666666665,15.372770629291544,11.045391226686242,14.971354728462947,High,-0.0908804791696205,5.389
8c2b9daa-063d-4c36-a41a-13ef82d99c47,Base,maxapy,USDC,2025-12-03,400642,224,23.10285633333333,25.980171219447044,27.855482400831868,8.765345980710116,High,-0.3793864785912756,17.867939
0dab7417-856d-4e61-a997-8bef6d93cbf3,Aptos,moar-market,USDC,2025-12-03,354557,183,8.061585333333333,8.394439350992489,8.454236237367429,2.688684535053761,Medium,-0.7887612470477101,6.3850050000000005
89902bff-62f7-41f9-869a-4f1194ef41ab,Optimism,extra-finance-leverage-farming,USDC-MSUSD,2025-12-03,346531,146,10.880487166666665,11.492232593361539,0.329057299043356,4.50963061812868,High,0.44653314371728514,0.342644
63c4bb3d-1402-436e-b921-65ac38abad87,Arbitrum,yieldfi,VYUSD,2025-12-03,329557,133,11.600333333333333,12.297843744833624,14.290738915906044,1.7000526783755754,Medium,-0.03169667571416995,10.033000000000001
17b8f0d7-38e1-4080-9d2c-da1f5706e199,Rootstock,sovryn-dex,DOC,2025-12-03,327957,899,11.636981666666665,12.33886912149953,8.284783804101892,5.65692754565475,High,-0.6706943482274691,8.20539
bad3c34a-cd03-4f09-ada1-2d0e09d0752b,Solana,raydium-amm,AUDIO-USDC,2025-12-03,318119,304,9.311666666666667,9.756159738857884,2.2622820439457403,12.716911923320941,High,0.20837523888078796,2.117
a17e6e66-a70a-43d6-9281-04fad6e21ff1,Avalanche,balancer-v3,AAVEGHO-USDT-USDC,2025-12-03,272154,126,8.865363666666667,9.264925223079956,4.824241481956282,11.861762828892733,High,-0.22969085529251762,2.759011
439dceea-885e-4a09-a2ab-f99b16b1d9e0,Base,aerodrome-slipstream,USDC-AXLUSDC,2025-12-03,250859,147,10.5798985,11.151227106106942,5.759251155111,14.398098120415419,High,-0.0560734571369792,4.28831
4f485deb-f874-4738-908b-80eb93b1da61,Solana,orca-dex,HONEY-USDC,2025-12-03,237508,985,14.277227166666666,15.320807124058543,141.82568402774675,391.7833116509804,High,0.18339099076542695,0.98014
fcac5295-d56b-4707-9355-5e15c55c471d,Solana,francium,USDT,2025-12-03,235736,1195,16.49434,17.928242876333833,17.928242876333698,6.139831255921658,High,-0.5534683765116363,16.49434
c296c3df-ac86-4197-8ade-6d25dcecde17,Base,aerodrome-slipstream,OUSDT-USDC,2025-12-03,216972,147,13.408508333333334,14.345290989240489,8.995872525604254,8.3739326450605,High,0.02157683791629015,5.528432
2aaca58d-e93b-4368-8978-7e59a3cc7b55,Arbitrum,yearn-finance,USDC,2025-12-03,206244,525,13.341443333333334,14.268345389125315,5.411729938924004,6.75324919616936,High,-0.2849220095913052,3.577509
f42cf641-393d-4671-895a-3c85cf7b1a57,Fraxtal,dtrinity-dusd,SDUSD,2025-12-03,200172,106,10.875708833333332,11.487156068053528,7.674649115319521,3.1904888363688153,Medium,-0.25760163085137555,7.049518
3a61420f-6f6e-45f9-accc-8d23f5a32d33,Stellar,blend-pools-v2,EURC,2025-12-03,195405,159,10.313293333333332,10.862247481963738,11.025427869934013,1.9217802989132062,Medium,-0.45067498472123685,9.279298
b5fc13da-f124-41e7-9079-a930fed15e2a,Celo,uniswap-v3,CUSD-USDC,2025-12-01,179157,646,13.036534,13.920742807614971,5.368877935288019,6.182425791533887,High,-0.5078655679617164,4.456974000000001
d3d8221f-9279-4daa-8612-eea36625986f,Arbitrum,yearn-finance,USDC,2025-12-03,173910,434,13.435306666666667,14.37456072892247,7.022974652285274,8.542080836895027,High,-0.12004197381958528,4.338323
fec229b3-cf9c-4bbb-9a38-aa4fb5c42ddd,Sui,scallop-lend,DEEP,2025-12-03,162730,355,13.394961166666667,14.330693422436935,12.710086447538238,12.190384300581032,High,-0.2154840771798719,11.815409
7ce40127-a535-4ce5-8da1-913c5f4db146,Base,peapods-finance,USDC,2025-12-03,161032,185,11.741251666666667,12.455208399140783,29.544399316150404,11.194522259401165,High,-0.18591125583776305,6.346604000000001
f186d87c-ea0e-42b9-b234-92f231ac909f,Polygon,uniswap-v3,USDC-EURS,2025-12-03,136298,1142,9.134747666666666,9.561724347275291,8.039924590181657,30.345090299649502,High,-0.05622094100696717,0.7820180000000001
a922645f-37f3-4494-b889-fb7a2db4b1ce,Cardano,minswap,ADA-BODEGA,2025-12-03,135390,181,17.143333333333334,18.69204668680058,8.086661657410342,15.645061819729422,High,0.37226590613281113,7.78
f4b83ced-d7af-41ea-8f33-d9d95c2d5f15,Fraxtal,curve-llamalend,CRVUSD-SQUID,2025-12-03,122408,331,18.759563333333336,20.627848688167006,41.83922658386816,9.569187754934076,High,0.3446146001266818,12.56089
7ff7a98b-e813-416d-ac40-08fbbd3a69f2,Polynomial,polynomial-liquidity,SUSDE,2025-12-03,121050,421,8.055534999999999,8.387893358742215,7.447744422093527,6.770421001752679,High,0.5301224823609769,6.118202999999999
9aa03f4b-f037-40da-b91c-6708199a45ba,Sonic,silo-v2,USDC,2025-12-03,111434,302,12.106191666666666,12.8663302599197,9.746047931658408,4.634493251355911,High,-0.7286477176198501,5.549861
4c298493-67f3-420a-ab46-a47f9db3c4da,Base,yieldfi,VYUSD,2025-12-03,99676,133,11.598666666666666,12.295972852782677,14.290738915906044,1.6993332411763529,Medium,0.36110482178407055,10.033000000000001
52e2ff37-c4cb-40e5-a443-550dc55c18c0,ICP,icpswap,CKUSDT-CKUSDC,2025-12-03,98056,437,27.487592666666668,31.489969682976948,0.249037178633138,38.48923706600021,High,-0.19678305325212006,0.012009000000000004
f818c68b-c893-4e10-9c8e-f78a6afce58a,BSC,dforce,USDT,2025-12-03,95627,1247,15.91236,17.24422011251381,17.24422011251445,8.369686860959968,High,-0.617977570080303,15.91236
2d41f6bd-0f1a-4424-961e-c1513e44b85f,Metis,hercules-v3,M.USDT-M.USDC,2025-12-03,91765,584,11.924410833333333,12.66064481628504,4.793083489654348,20.077186745755455,High,0.10518065553081539,4.86012
bf61d7b4-56f7-4d95-9518-fc39fe446e11,Solana,raydium-amm,HXD-USDC,2025-11-28,83945,251,12.808666666666666,13.661494616670588,12.707556456646873,11.255325661735535,High,0.02596725105636707,6.9510000000000005
ece59eca-1af1-4037-acfd-d6e83f94dedf,Optimism,extra-finance-leverage-farming,USDC-ALUSD,2025-12-03,80883,146,11.2440175,11.898422070251357,10.34589954455587,2.5930562108914423,Medium,0.03980922446903023,6.53254
ab72800a-d49c-49bd-827b-3b50396d76d8,Arbitrum,uniswap-v3,USD+-USDT,2025-12-03,79948,477,21.821302833333334,24.3693252000607,19.78943033642766,18.903374140514714,High,0.06989370857476666,3.0193890000000003
b306e810-a639-4657-938b-5415cf7fafea,Fraxtal,curve-dex,SDUSD-SFRXUSD,2025-12-03,78408,122,9.425333333333333,9.882354097639489,7.227106727205679,2.66280416596559,Medium,-0.22764967840652509,6.638
9fe000c1-f3c3-4923-ae16-a2066099d260,Base,extra-finance-xlend,USR,2025-12-03,77766,147,10.301228833333333,10.839155913183319,2.4164020192557922,19.05154732828863,High,-0.6453672872791367,1.783358
28436660-b165-4d03-a9fe-b7ba54af3a56,Op_bnb,kiloex,FDUSD,2025-12-03,71292,486,18.416833333333333,20.214548942117073,23.04367941189962,8.97155581784775,High,-0.006751599628364406,0.62
3591d764-eb16-48af-ab3a-69460413910d,Solana,wasabi,DOOD,2025-12-03,68724,205,16.376948000000002,17.789313233033365,21.85629303216807,8.187791077918073,High,0.03934462179070559,7.224434000000002
9e6bd721-3862-42fc-9015-4c2916197938,Optimism,exactly,USDC,2025-12-03,65874,1001,10.352282333333333,10.905482580314718,10.999361897015604,4.940763144612162,High,-0.4396606148375355,10.227905
44213a47-ba05-4428-866a-f5d08378cbd4,Arbitrum,uniswap-v3,DAI-USDC.E,2025-12-03,57505,1010,17.3358295,18.921215194647957,9.754838157962432,10.165353325898597,High,-0.37311440949811964,4.1549890000000005
d1e8adeb-1522-490a-afe6-8ee8e1b8d7d3,Polygon,uniswap-v3,EURE-USDC,2025-12-03,56774,1000,11.106364500000002,11.739899995558378,20.954804866991196,34.90746892984901,High,0.06921346740236432,0.619011
de7f045b-5d16-4b6d-9741-be98c2160a7c,Metis,gamma,M.USDT-M.USDC,2025-12-03,55742,216,17.393283999999998,18.989723817958115,12.6675094822009,10.330581263711222,High,-0.4036677833886732,0.0
ad1ca126-3152-402a-9834-540bdbfc586d,Base,balancer-v3,20WABASUSDC-80DAG,2025-12-03,53203,126,19.725470166666664,21.775155157381,3.970481765958067,27.846509804245,High,0.2402156368388271,1.0868760000000002
d052d4aa-7269-45b6-9ddf-861db77d9a0a,Avalanche,uniswap-v3,USDC-DAI.E,2025-12-03,50798,787,8.223668499999999,8.566660513472147,10.32303494398954,37.16498287900146,High,-0.40130690654906814,0.033622
412541d0-ddd3-497f-aba5-4f98b849aa0a,Avalanche,folks-finance-xchain,AUSD,2025-12-03,2299,212,9.7172,10.202468270297738,7.610605232555501,5.770076634601171,High,-0.6103937553097458,5.1518999999999995
48c12053-cc51-4341-9649-a57f13a888c9,Cardano,minswap,ADA-DANZO,2025-12-03,48859,510,15.978166666666665,17.321187490154987,17.8372768273648,62.122256531114836,High,0.4432855770425109,12.342
bde4a0db-f7f6-4a96-99ec-9fa4c6fa8c90,Solana,orca-dex,RENDER-USDC,2025-12-03,48036,753,21.107951833333335,23.49305674406541,18.447726405795372,71.84327038609666,High,0.04334410239104151,14.523667
664664bb-31e0-4e65-808d-6dc82bdb05bb,Sonic,dtrinity-dusd,SDUSD,2025-12-03,47012,108,8.430130499999999,8.791663533252358,0.0,10.965931117786512,High,-0.02097549427730896,0.0
d23b6132-4ebb-4912-8a49-85a61797369f,Optimism,curve-dex,CRVUSD-MONEY,2025-12-03,43560,421,8.392666666666667,8.741057372902361,59.08443768598832,11.544063054111756,High,-0.0061344615741343225,0.0
eb9b85c7-6f1d-40f3-90b0-45a2967bef1d,Cardano,liqwid,DAI,2025-12-03,40670,748,11.130473333333333,11.771634514066243,9.834512099800508,7.664039302882232,High,-0.5717571188809053,10.982025
cd2d83dc-b1ae-4461-b11c-cd97bbefa951,Optimism,extra-finance-leverage-farming,USDC-SUSD,2025-12-03,38296,628,10.65372,11.2401663817427,9.56221270980171,13.06164564275939,High,0.40261990084685745,9.030134
ad37f69e-0ae5-4b8a-986b-b72824a447cb,Aptos,thalaswap,MOD-USDC,2025-12-01,35395,270,15.740113666666668,17.03831697333149,9.290198085488477,12.446709820526753,High,-0.5164729811665015,3.687533
06b3ff95-c82e-471f-bff1-e8a8d11ae26a,Arbitrum,uniswap-v3,HDN-USDT,2025-12-03,34756,233,17.1503135,18.69028153307022,21.680045528940894,30.010666434354548,High,-0.16349894139723387,0.606342
f7a832fc-1a93-4f75-9952-64e1a392d3b8,Sonic,yieldfi,VYUSD,2025-12-03,33152,133,11.598666666666666,12.295972852782677,14.290738915906044,1.6991671894046247,Medium,0.5628151099224187,10.033000000000001
93fb2190-0c2e-4265-a47a-99903c1d9bc9,Avalanche,yield-yak-aggregator,AUSD,2025-12-03,32633,287,8.890666666666666,9.296450711647463,5.356672712467514,2.690650108140148,Medium,-0.2512874876516585,5.119000000000001
fd10de23-9f3c-4e07-9796-2a6676157f4a,Sui,cetus-clmm,USDC-WUSDC,2025-12-03,30420,420,13.978635166666667,14.997153855284907,13.431218604032026,13.985806164192667,High,0.20641609735580418,4.6349670000000005
d8733ab8-a147-4e31-a668-2c9dff24ea56,Mantle,clearpool-lending,USDT,2025-12-03,28640,650,12.098032499999999,12.857738157689646,10.27501323713329,2.8742083492224824,Medium,-0.7827327908915154,9.643030000000001
9b9c274f-b224-4be2-8c9f-749e10d35aab,Avalanche,joe-v2.1,DAI.E-USDC,2025-12-03,28042,905,9.282445999999998,9.724768147107078,4.6746827337120544,10.901379253930276,High,0.008724938318470248,2.4873070000000004
56f32a9d-0c7f-4bfa-a599-eadce239765c,Sui,scallop-lend,FDUSD,2025-12-03,25356,345,15.597156166666668,16.867174467372735,39.615443724032914,11.598832402731935,High,-0.23748103990181818,6.266958000000001
cf283d02-fb9d-46f3-b20e-89731dcd48df,Avalanche,joe-v2.1,DAI.E-USDT,2025-12-03,20989,754,26.34290616666667,30.104827180338845,4.846158352118035,40.65485679837472,High,0.09931157938699964,0.22992600000000002
ad5c8a0d-e916-40fb-9ea6-5faf9b664fd1,Polygon,steer-protocol,USDC-AGEUR,2025-12-03,20676,797,20.37,22.586066437967812,22.586066437967766,28.007132064122374,High,-0.3220152124462107,20.37
ff4bb326-ca36-4e76-89d6-d73348fe67de,Base,pancakeswap-amm-v3,USR-USDC,2025-12-03,20382,333,12.1750965,12.942699143101022,10.423340401193858,21.935788707464113,High,-0.2754794378978825,1.5852410000000001
0a08e4b1-d7ec-44ac-a92f-90d56dd33c98,Avalanche,uniswap-v3,USDC-FRAX,2025-12-03,19075,540,10.834433833333332,11.440433540221463,3.7750289585135377,47.579054014733806,High,-0.24940565225184774,1.99973
ef65d933-f706-4485-9db8-3744733e54cd,Sui,scallop-lend,HAEDAL,2025-12-03,9095,209,20.1962895,22.37320547615964,21.094178061400616,102.74006270986712,High,-0.1694796589607565,14.048649
d369186d-86ee-4781-a826-676337a06ac9,Polynomial,polynomial-liquidity,SDAI,2025-12-03,17028,421,8.869449833333334,9.273492411144414,9.020429944760844,5.139259004761134,High,0.4145286774113552,7.969093
bb63f0a6-90e7-440d-9d9d-93c0e7da334f,Polygon,uniswap-v3,USDC-LDO,2025-12-03,16860,1224,26.459725,30.268383827097246,4.958397616339605,89.44515359738409,High,0.024997945294851224,5.629035
96923c5e-d3ac-475b-bec0-b2f4dd03d63e,Solana,raydium-amm,PYUSD-USDC,2025-12-03,16004,315,15.399333333333335,16.63880270814577,4.414339509929599,12.045693985360751,High,-0.1943510027731928,3.829
5b3d6a5b-6332-4dbd-be13-66edea0bfab1,Berachain,wasabi,HONEY,2025-12-03,15690,205,14.257471666666667,15.319699990201041,2.249131259451498,224.83977201760405,High,0.3041138047117409,5.8586940000000025
c05a83a7-6416-49d2-a0b6-c1258873ac9d,Base,morpho-v1,STEAKUSDA,2025-12-02,5262,453,8.183529666666667,8.523869425808005,0.007824590836302825,5.7129352985908195,High,-0.5411608583408826,0.013302000000000001
ac437c3c-a90a-4971-a39b-68ae79f8d985,Polygon,steer-protocol,VDA-USDT,2025-12-03,14649,542,13.821000000000002,14.812730504996363,84.68611577399811,93.53932638295035,High,0.32820016225663295,2.0380000000000007
f3298854-6ded-444b-8e8f-3e5dc68e0744,Avalanche,silo-v2,USDT,2025-12-03,2773,112,9.715337833333333,10.200508187723267,4.292141315164755,7.304832812281744,High,-0.5295638482958573,2.7003930000000005
54e1001d-69fb-4717-ae88-e929ce7a53cf,Arbitrum,gammaswap-open-interest,PENDLE-USDC,2025-12-03,14359,604,17.378513333333334,18.971866492649838,32.40838154172911,21.611919241107685,High,-0.03938900899876692,4.875004
13eee342-78fd-4589-916c-54a051d7e188,Arbitrum,balancer-v3,YUSD-AAVEUSDC,2025-12-03,12622,126,11.208419999999998,11.858740623111675,9.44555029982208,1.1861330644344612,Low,0.7138288942690229,9.006263
b865d4dc-ffd5-4fd6-9479-0d7932d6a9e6,Avalanche,silo-v2,USDC,2025-12-03,11916,146,18.480339333333333,20.279087271340334,25.753051215639577,19.591724296457524,High,-0.34951693675376555,3.6898619999999998
c8d62a3e-07ce-4904-b08b-62a4bf811e48,Base,wasabi,RECORD,2025-12-03,11558,205,16.681015833333333,18.148445612831267,14.259113959593028,3.319694920415689,Medium,0.3735716095065409,14.088107
3da43202-46eb-4855-8bed-e719f2d42568,BSC,sushiswap-v3,USDT-USDC,2025-12-03,11393,142,17.946301166666668,19.642952876027664,4.068596339237396,29.993057858935753,High,0.01751662959579154,0.303835
cd537af5-a352-4bcd-bf15-bbb47b77c503,Solana,orca-dex,USDC-SUSDE,2025-12-03,11251,308,25.982874166666665,29.657520649666026,2.853265614280165,50.18319483417438,High,-0.45455577679471515,5.994171
f2ba3890-1b45-4332-89ef-fd5c5a719025,Sonic,spectra-v2,SDUSD,2025-11-29,10417,106,8.9863065,9.399740262992061,0.14101325266198117,7.869198776359106,High,-0.14284861424875994,0.181616
6c4bf68a-2e39-4613-926b-8d63862d9f8f,Sonic,spectra-v2,SDUSD,2025-12-03,10408,110,13.710689833333333,14.692033539192217,16.010341332682177,2.1283130359917553,Medium,0.37644625966530937,11.565584000000001
9cc30a12-b6b8-4ead-9862-466f62172fce,BSC,yieldfi,VYUSD,2025-12-03,10221,117,11.436166666666669,12.113696436147947,14.290738915906044,1.529561924767223,Medium,-0.35645273988795156,10.033000000000001
